{"cameraMode":{"drawMode":0,"name":"Shaded","section":"Shading Mode"},"sceneLighting":false,"audioPlay":false,"sceneViewState":{"m_AlwaysRefresh":false,"showFog":true,"showSkybox":false,"showFlares":true,"showImageEffects":true,"showParticleSystems":true,"showVisualEffectGraphs":true,"m_FxEnabled":true},"in2DMode":false,"pivot":{"x":-0.20537757873535157,"y":1.2257245779037476,"z":-0.9353679418563843},"rotation":{"x":-0.013832570984959603,"y":0.9795771241188049,"z":-0.07243379205465317,"w":-0.18707020580768586},"size":1.0987454652786255,"orthographic":false}